id;codigo;descripcion;categoria;sub-categoria;unidad-medida;MATERIAL;caracteristica2;caracteristica3;grupo;precio_actual (u$s);almacen;cantidad;datos;grup_
51114-Ruleman;51114;Ruleman;mecanica;RULEMANES;unidad;acero comun;;;ACERO COMUN;;1;0;;
UC505-Ruleman;UC505;Ruleman;mecanica;RULEMANES;unidad;acero comun;;;ACERO COMUN;;;0;;
51205-Ruleman;51205;Ruleman;mecanica;RULEMANES;unidad;acero comun;;;ACERO COMUN;;1;0;;
0605AC-Ruleman;0605AC;Ruleman;mecanica;RULEMANES;unidad;acero comun;;;ACERO COMUN;;1;8;;
32005-Ruleman;32005;Ruleman;mecanica;RULEMANES;unidad;acero comun;;;ACERO COMUN;;1;0;;
32005-Ruleman;32005;Ruleman;mecanica;RULEMANES;unidad;acero comun;;;ACERO COMUN;;1;0;;
6303RS-Ruleman;6303RS;Ruleman;mecanica;RULEMANES;unidad;acero comun;;;ACERO COMUN;;1;3;;
6003-2RSH-Ruleman;6003-2RSH;Ruleman;mecanica;RULEMANES;unidad;acero comun;;;ACERO COMUN;;1;23;;
6005RS-Ruleman;6005RS;Ruleman;mecanica;RULEMANES;unidad;acero comun;;;ACERO COMUN;;1;0;;
6305RS-Ruleman;6305RS;Ruleman;mecanica;RULEMANES;unidad;acero comun;;;ACERO COMUN;;1;13;;
6204RS-Ruleman;6204RS;Ruleman;mecanica;RULEMANES;unidad;acero comun;;;ACERO COMUN;;1;3;;
32005X-Ruleman;32005X;Ruleman;mecanica;RULEMANES;unidad;acero comun;;;ACERO COMUN;;1;3;;
16002RS-Ruleman;16002RS;Ruleman;mecanica;RULEMANES;unidad;acero comun;;;ACERO COMUN;;1;0;;
6902RS-Ruleman;6902RS;Ruleman;mecanica;RULEMANES;unidad;acero comun;;;ACERO COMUN;;1;3;;
7202BEP-Ruleman;7202BEP;Ruleman;mecanica;RULEMANES;unidad;acero comun;;;ACERO COMUN;;1;0;;
UC206-Ruleman;UC206;Ruleman;mecanica;RULEMANES;unidad;acero comun;;;ACERO COMUN;;1;0;;
16002-2Z-Ruleman;16002-2Z;Ruleman;mecanica;RULEMANES;unidad;acero comun;;;ACERO COMUN;;1;0;;
6006-2RS1-Ruleman;6006-2RS1;Ruleman;mecanica;RULEMANES;unidad;acero comun;;;ACERO COMUN;;1;8;;
6006-2RS-Ruleman;6006-2RS;Ruleman;mecanica;RULEMANES;unidad;acero comun;;;ACERO COMUN;;1;0;;
6005-Z7-Ruleman;6005-Z7;Ruleman;mecanica;RULEMANES;unidad;acero comun;;;ACERO COMUN;;1;3;;
30011X-9-Ruleman;30011X-9;Ruleman;mecanica;RULEMANES;unidad;acero comun;;;ACERO COMUN;;1;0;;
6001-2RS-Ruleman;6001-2RS;Ruleman;mecanica;RULEMANES;unidad;acero comun;;;ACERO COMUN;;1;0;;
32005-Ruleman;32005;Ruleman;mecanica;RULEMANES;unidad;acero comun;;;ACERO COMUN;;1;3;;
51205-Ruleman;51205;Ruleman;mecanica;RULEMANES;unidad;acero comun;;;ACERO COMUN;;1;0;;
33108-Ruleman;33108;Ruleman;mecanica;RULEMANES;unidad;acero comun;;;ACERO COMUN;;1;6;;
3206A-RS-Ruleman;3206A-RS;Ruleman;mecanica;RULEMANES;unidad;acero comun;;;ACERO COMUN;;1;14;;
30108-Ruleman;30108;Ruleman;mecanica;RULEMANES;unidad;acero comun;;;ACERO COMUN;;1;0;;
6804Z-2RS-Ruleman;6804Z-2RS;Ruleman;mecanica;RULEMANES;unidad;acero comun;;;ACERO COMUN;;1;3;;
6001-RS-Ruleman;6001-RS;Ruleman;mecanica;RULEMANES;unidad;acero comun;;;ACERO COMUN;;1;0;;
6800-RS-Ruleman;6800-RS;Ruleman;mecanica;RULEMANES;unidad;acero comun;;;ACERO COMUN;;1;0;;
61802-RS-Ruleman;61802-RS;Ruleman;mecanica;RULEMANES;unidad;acero comun;;;ACERO COMUN;;1;0;;
686-2RS-Ruleman;686-2RS;Ruleman;mecanica;RULEMANES;unidad;acero comun;;;ACERO COMUN;;1;0;;
22210E-Ruleman;22210E;Ruleman;mecanica;RULEMANES;unidad;acero comun;;;ACERO COMUN;;1;0;;
YE1210-Ruleman;YE1210;Ruleman;mecanica;RULEMANES;unidad;acero comun;;;ACERO COMUN;;1;0;;
4733010-Ruleman;4733010;Ruleman;mecanica;RULEMANES;unidad;acero comun;;;ACERO COMUN;;1;0;;
LMK16UU-Ruleman;LMK16UU;Ruleman;mecanica;RULEMANES;unidad;acero comun;;;ACERO COMUN;;1;2;;
32005X-Q-Ruleman;32005X-Q;Ruleman;mecanica;RULEMANES;unidad;acero comun;;;ACERO COMUN;;1;6;;
6211-2RS-Ruleman;6211-2RS;Ruleman;mecanica;RULEMANES;unidad;acero comun;;;ACERO COMUN;;1;0;;
33108-Ruleman;33108;Ruleman;mecanica;RULEMANES;unidad;acero comun;;;ACERO COMUN;;1;6;;
32011X-Ruleman;32011X;Ruleman;mecanica;RULEMANES;unidad;acero comun;;;ACERO COMUN;;1;1;;
6314-Ruleman;6314;Ruleman;mecanica;RULEMANES;unidad;acero comun;;;ACERO COMUN;;1;5;;
3214TNG-Ruleman;3214TNG;Ruleman;mecanica;RULEMANES;unidad;acero comun;;;ACERO COMUN;;1;1;;
M50-M37-RETENES;M50-M37;RETENES;mecanica;RETENES;unidad;POLIACRILICO;;;ACERO COMUN;;1;8;;
5498-RETENES;5498;RETENES;mecanica;RETENES;unidad;NITRILO;;;ACERO COMUN;;1;2;;
6710-RETENES;6710;RETENES;mecanica;RETENES;unidad;NITRILO;;;ACERO COMUN;;1;1;;
9097-RETENES;9097;RETENES;mecanica;RETENES;unidad;NITRILO;;;ACERO COMUN;;1;1;;
7439-RETENES;7439;RETENES;mecanica;RETENES;unidad;NITRILO;;;ACERO COMUN;;1;1;;
5348-RETENES;5348;RETENES;mecanica;RETENES;unidad;NITRILO;;;ACERO COMUN;;1;1;;
6635-RETENES;6635;RETENES;mecanica;RETENES;unidad;NITRILO;;;ACERO COMUN;;1;1;;
5265-RETENES;5265;RETENES;mecanica;RETENES;unidad;NITRILO;;;ACERO COMUN;;1;1;;
9480-RETENES;9480;RETENES;mecanica;RETENES;unidad;NITRILO;;;ACERO COMUN;;1;1;;
DSD 75 105 15-RETENES;DSD 75 105 15;RETENES;mecanica;RETENES;unidad;NITRILO;;;ACERO COMUN;;1;1;;
R55611-RETENES;R55611;RETENES;mecanica;RETENES;unidad;NITRILO;;;ACERO COMUN;;1;1;;
9405-RETENES;9405;RETENES;mecanica;RETENES;unidad;NITRILO;;;ACERO COMUN;;1;1;;
5233-RETENES;5233;RETENES;mecanica;RETENES;unidad;NITRILO;;;ACERO COMUN;;1;1;;
5277-RETENES;5277;RETENES;mecanica;RETENES;unidad;NITRILO;;;ACERO COMUN;;1;1;;
6302-RETENES;6302;RETENES;mecanica;RETENES;unidad;NITRILO;;;ACERO COMUN;;1;5;;
8468-RETENES;8468;RETENES;mecanica;RETENES;unidad;NITRILO;;;ACERO COMUN;;1;2;;
8919-RETENES;8919;RETENES;mecanica;RETENES;unidad;NITRILO;;;ACERO COMUN;;1;2;;
9440-RETENES;9440;RETENES;mecanica;RETENES;unidad;NITRILO;;;ACERO COMUN;;1;2;;
6284-RETENES;6284;RETENES;mecanica;RETENES;unidad;NITRILO;;;ACERO COMUN;;1;5;;
2020-RETENES;2020;RETENES;mecanica;RETENES;unidad;NITRILO;;;ACERO COMUN;;1;3;;
9053-RETENES;9053;RETENES;mecanica;RETENES;unidad;NITRILO;;;ACERO COMUN;;1;2;;
5119-RETENES;5119;RETENES;mecanica;RETENES;unidad;NITRILO;;;ACERO COMUN;;1;2;;
8965-RETENES;8965;RETENES;mecanica;RETENES;unidad;NITRILO;;;ACERO COMUN;;1;2;;
5200-RETENES;5200;RETENES;mecanica;RETENES;unidad;NITRILO;;;ACERO COMUN;;1;5;;
6320-RETENES;6320;RETENES;mecanica;RETENES;unidad;NITRILO;;;ACERO COMUN;;1;6;;
10836-RETENES;10836;RETENES;mecanica;RETENES;unidad;NITRILO;;;ACERO COMUN;;1;1;;
8922-RETENES;8922;RETENES;mecanica;RETENES;unidad;NITRILO;;;ACERO COMUN;;1;1;;
9451-RETENES;9451;RETENES;mecanica;RETENES;unidad;NITRILO;;;ACERO COMUN;;1;1;;
9313-RETENES;9313;RETENES;mecanica;RETENES;unidad;NITRILO;;;ACERO COMUN;;1;1;;
9414-RETENES;9414;RETENES;mecanica;RETENES;unidad;NITRILO;;;ACERO COMUN;;1;1;;
8828-RETENES;8828;RETENES;mecanica;RETENES;unidad;NITRILO;;;ACERO COMUN;;1;1;;
8673-RETENES;8673;RETENES;mecanica;RETENES;unidad;NITRILO;;;ACERO COMUN;;1;6;;
5420-RETENES;5420;RETENES;mecanica;RETENES;unidad;NITRILO;;;ACERO COMUN;;1;9;;
5488-RETENES;5488;RETENES;mecanica;RETENES;unidad;NITRILO;;;ACERO COMUN;;1;4;;
5297-RETENES;5297;RETENES;mecanica;RETENES;unidad;NITRILO;;;ACERO COMUN;;1;5;;
5163-RETENES;5163;RETENES;mecanica;RETENES;unidad;NITRILO;;;ACERO COMUN;;1;8;;
9090-RETENES;9090;RETENES;mecanica;RETENES;unidad;NITRILO;;;ACERO COMUN;;1;9;;
55M-RETENES;55M;RETENES;mecanica;RETENES;unidad;NITRILO;;;ACERO COMUN;;1;14;;
24M 30M-RETENES;24M 30M;RETENES;mecanica;RETENES;unidad;NITRILO;;;ACERO COMUN;;1;6;;
LBBR16-AS-BUJE;LBBR16-AS;BUJE;mecanica;BUJE;unidad;acero comun;;;ACERO COMUN;;1;1;;
KH1228-BUJE;KH1228;BUJE;mecanica;BUJE;unidad;acero comun;;;ACERO COMUN;;1;3;;
UCF305-CAJA RODAMIENTO;UCF305;CAJA RODAMIENTO;mecanica;CAJA RODAMIENTO;unidad;acero comun;;;ACERO COMUN;;1;0;;
UCF205-CAJA RODAMIENTO;UCF205;CAJA RODAMIENTO;mecanica;CAJA RODAMIENTO;unidad;acero comun;;;ACERO COMUN;;1;21;;
UCP 205-CAJA RODAMIENTO;UCP 205;CAJA RODAMIENTO;mecanica;CAJA RODAMIENTO;unidad;acero comun;;;ACERO COMUN;;1;29;;
UCT 205 -CAJA RODAMIENTO;UCT 205 ;CAJA RODAMIENTO;mecanica;CAJA RODAMIENTO;unidad;acero comun;;;ACERO COMUN;;1;8;;
UCFL204-CAJA RODAMIENTO;UCFL204;CAJA RODAMIENTO;mecanica;CAJA RODAMIENTO;unidad;acero comun;;;ACERO COMUN;;1;8;;
UCF206-CAJA RODAMIENTO;UCF206;CAJA RODAMIENTO;mecanica;CAJA RODAMIENTO;unidad;acero comun;;;ACERO COMUN;;1;44;;
FYTB20TF-CAJA RODAMIENTO;FYTB20TF;CAJA RODAMIENTO;mecanica;CAJA RODAMIENTO;unidad;acero comun;;;ACERO COMUN;;1;3;;
UCF204-CAJA RODAMIENTO;UCF204;CAJA RODAMIENTO;mecanica;CAJA RODAMIENTO;unidad;acero comun;;;ACERO COMUN;;1;6;;
FY506-CAJA RODAMIENTO;FY506;CAJA RODAMIENTO;mecanica;CAJA RODAMIENTO;unidad;acero comun;;;ACERO COMUN;;1;0;;
UCP204-CAJA RODAMIENTO;UCP204;CAJA RODAMIENTO;mecanica;CAJA RODAMIENTO;unidad;acero comun;;;ACERO COMUN;;1;4;;
223011FX-RODAMIENTO;223011FX;RODAMIENTO;mecanica;CAJA RODAMIENTO;unidad;acero comun;;;ACERO COMUN;;1;0;;
F210-RODAMIENTO;F210;RODAMIENTO;mecanica;RODAMIENTO;unidad;acero comun;;;ACERO COMUN;;1;0;;
UC 204-RODAMIENTO;UC 204;RODAMIENTO;mecanica;RODAMIENTO;unidad;acero comun;;;ACERO COMUN;;1;0;;
GE17ES-RODAMIENTO;GE17ES;RODAMIENTO;mecanica;RODAMIENTO;unidad;acero comun;;;ACERO COMUN;;1;0;;
6303-2RSH-RODAMIENTO;6303-2RSH;RODAMIENTO;mecanica;RODAMIENTO;unidad;acero comun;;;ACERO COMUN;;1;0;;
686-ZRS-RODAMIENTO;686-ZRS;RODAMIENTO;mecanica;RODAMIENTO;unidad;acero comun;;;ACERO COMUN;;1;0;;
YAR206-2F-RODAMIENTO;YAR206-2F;RODAMIENTO;mecanica;RODAMIENTO;unidad;acero comun;;;ACERO COMUN;;1;0;;
61803-2RS-RODAMIENTO;61803-2RS;RODAMIENTO;mecanica;RODAMIENTO;unidad;acero comun;;;ACERO COMUN;;1;0;;
61800-2RS-RODAMIENTO;61800-2RS;RODAMIENTO;mecanica;RODAMIENTO;unidad;acero comun;;;ACERO COMUN;;1;0;;
7205-BRS-RODAMIENTO;7205-BRS;RODAMIENTO;mecanica;RODAMIENTO;unidad;acero comun;;;ACERO COMUN;;1;0;;
61404-2RS1-RODAMIENTO;61404-2RS1;RODAMIENTO;mecanica;RODAMIENTO;unidad;acero comun;;;ACERO COMUN;;1;0;;
61802-2RS-RODAMIENTO;61802-2RS;RODAMIENTO;mecanica;RODAMIENTO;unidad;acero comun;;;ACERO COMUN;;1;0;;
61900-2RZ-RODAMIENTO;61900-2RZ;RODAMIENTO;mecanica;RODAMIENTO;unidad;acero comun;;;ACERO COMUN;;1;0;;
6900RS-RODAMIENTO;6900RS;RODAMIENTO;mecanica;RODAMIENTO;unidad;acero comun;;;ACERO COMUN;;1;0;;
6005-2PSC3-RODAMIENTO;6005-2PSC3;RODAMIENTO;mecanica;RODAMIENTO;unidad;acero comun;;;ACERO COMUN;;1;0;;
6006-ZQS1/03-RODAMIENTO;6006-ZQS1/03;RODAMIENTO;mecanica;RODAMIENTO;unidad;acero comun;;;ACERO COMUN;;1;0;;
6305-2RS-RODAMIENTO;6305-2RS;RODAMIENTO;mecanica;RODAMIENTO;unidad;acero comun;;;ACERO COMUN;;1;0;;
UCF205-RODAMIENTO;UCF205;RODAMIENTO;mecanica;RODAMIENTO;unidad;acero comun;;;ACERO COMUN;;1;0;;
UC208-RODAMIENTO;UC208;RODAMIENTO;mecanica;CAJA RODAMIENTO;unidad;acero comun;;;ACERO COMUN;;1;0;;
F208-CAJA RODAMIENTO;F208;CAJA RODAMIENTO;mecanica;CAJA RODAMIENTO;unidad;acero comun;;;ACERO COMUN;;1;0;;
FY508M-CAJA RODAMIENTO;FY508M;CAJA RODAMIENTO;mecanica;CAJA RODAMIENTO;unidad;acero comun;;;ACERO COMUN;;1;0;0;
UCT207-CAJA RODAMIENTO;UCT207;CAJA RODAMIENTO;mecanica;CAJA RODAMIENTO;unidad;acero comun;;;ACERO COMUN;;1;8;;
UCF207-CAJA RODAMIENTO;UCF207;CAJA RODAMIENTO;mecanica;CAJA RODAMIENTO;unidad;acero comun;;;ACERO COMUN;;1;8;;
SVCF PLN205-CAJA RODAMIENTO;SVCF PLN205;CAJA RODAMIENTO;mecanica;CAJA RODAMIENTO;unidad;INOXIDABLE;;;ACERO COMUN;;1;0;;
UCF206-CAJA RODAMIENTO;UCF206;CAJA RODAMIENTO;mecanica;CAJA RODAMIENTO;unidad;INOXIDABLE;;;ACERO COMUN;;1;44;;
UCFPL205-CAJA RODAMIENTO;UCFPL205;CAJA RODAMIENTO;mecanica;CAJA RODAMIENTO;unidad;INOXIDABLE;;;ACERO COMUN;;1;35;;
RPL204W-CAJA RODAMIENTO;RPL204W;CAJA RODAMIENTO;mecanica;CAJA RODAMIENTO;unidad;INOXIDABLE;;;ACERO COMUN;;1;20;;
UCFPL206-CAJA RODAMIENTO;UCFPL206;CAJA RODAMIENTO;mecanica;CAJA RODAMIENTO;unidad;INOXIDABLE;;;ACERO COMUN;;1;28;;
GAKR8-PB-BULON CON RDAMIENTO;GAKR8-PB;BULON CON RDAMIENTO;mecanica;BULON CON ROOAMIENTO;unidad;acero comun;M8;;ACERO COMUN;;1;5;;
GIKR16PB-BULON CON RDAMIENTO;GIKR16PB;BULON CON RDAMIENTO;mecanica;BULON CON ROOAMIENTO;unidad;acero comun;M16;;ACERO COMUN;;1;1;;
POS10PL-BULON CON RDAMIENTO;POS10PL;BULON CON RDAMIENTO;mecanica;BULON CON ROOAMIENTO;unidad;acero comun;M10;;ACERO COMUN;;1;3;;
SIPP8S-BULON CON RDAMIENTO;SIPP8S;BULON CON RDAMIENTO;mecanica;BULON CON ROOAMIENTO;unidad;acero comun;M8;;ACERO COMUN;;1;2;;
PHS10-BULON CON RDAMIENTO;PHS10;BULON CON RDAMIENTO;mecanica;BULON CON ROOAMIENTO;unidad;acero comun;M10;;ACERO COMUN;;1;2;;
PHS6-BULON CON RDAMIENTO;PHS6;BULON CON RDAMIENTO;mecanica;BULON CON ROOAMIENTO;unidad;acero comun;M6;;ACERO COMUN;;1;3;;
M17-ARANDELA;M17;ARANDELA;mecanica;ARANDELA;unidad;COMUN;M17;;ACERO COMUN;;1;332;;
M20-ARANDELA;M20;ARANDELA;mecanica;ARANDELA;unidad;COMUN;M20;;ACERO COMUN;;1;6;;
M18-ARANDELA;M18;ARANDELA;mecanica;ARANDELA;unidad;COMUN;M18;;ACERO COMUN;;1;90;;
M26-ARANDELA;M26;ARANDELA;mecanica;ARANDELA;unidad;COMUN;M26;;ACERO COMUN;;1;0;;
M10-ARANDELA;M10;ARANDELA;mecanica;ARANDELA;unidad;COMUN;M10;;ACERO COMUN;;1;708;hay una caja;
M4-ARANDELA;M4;ARANDELA;mecanica;ARANDELA;unidad;COMUN;M4;;ACERO COMUN;;1;67;;
M12-ARANDELA WROWER;M12;ARANDELA WROWER;mecanica;ARANDELA;unidad;COMUN;M12;;ACERO COMUN;;1;36;;
M03-ARANDELA WROWER;M03;ARANDELA WROWER;mecanica;ARANDELA;unidad;COMUN;M03;;ACERO COMUN;;1;0;;
#żNOMBRE?;;ARANDELA PLANA;mecanica;ARANDELA  PLANA ;unidad;COMUN;may-16;;ACERO COMUN;USD 638;1;10 KG;;
#żNOMBRE?;;ARANDELA PLAN;mecanica;ARANDELA PLANA;unidad;COMUN;3-ago;;ACERO COMUN;USD 6,38;1;13,52 KG;;
#żNOMBRE?;;ARANDELA BISE;mecanica;ARANDELA BISE;unidad;COMUN;M10X19;;ACERO COMUN;USD 010;1;200;;
M24-ARANDELA;M24;ARANDELA;mecanica;ARANDELA;unidad;COMUN;M24;;ACERO COMUN;;1;0;;
M90-ARANDELA;M90;ARANDELA;mecanica;ARANDELA;unidad;COMUN;M90;;ACERO COMUN;;1;0;;
M8-ARANDELA;M8;ARANDELA;mecanica;ARANDELA;unidad;COMUN;M8;;ACERO COMUN;;1;503;hay una caja;
M16-ARANDELA;M16;ARANDELA;mecanica;ARANDELA;unidad;COMUN;M16;;ACERO COMUN;;1;0;;
M13-TUERCA;M13;TUERCA;mecanica;TUERCA;unidad;COMUN;M13;;ACERO COMUN;;1;0;;
M12-TUERCA AUTOF;M12;TUERCA AUTOF;mecanica;TUERCA;unidad;COMUN;M12;;ACERO COMUN;;1;110;;
M14-TUERCA;M14;TUERCA;mecanica;TUERCA;unidad;COMUN;M14;;ACERO COMUN;;1;0;;
M17-TUERCA AUT;M17;TUERCA AUT;mecanica;TUERCA AUT;unidad;COMUN;M17;;ACERO COMUN;;1;0;;
M8-TUERCA AUT;M8;TUERCA AUT;mecanica;TUERCA AUT;unidad;COMUN;M8;;ACERO COMUN;;1;95;;
M6-TUERCA AUT;M6;TUERCA AUT;mecanica;TUERCA AUT;unidad;COMUN;M6;;ACERO COMUN;;1;52;;
M10-TUERCA AUT;M10;TUERCA AUT;mecanica;TUERCA AUT;unidad;COMUN;M10 X 1,5;;ACERO COMUN;USD 0,80;1;360;ver ;
M10-TUERC MARIPOSA MACH;M10;TUERC MARIPOSA MACH;mecanica;TUERC MARIP MACH;unidad;COMUN;M10;;ACERO COMUN;;1;-4;;
M8-TUERC MARIPOSA MACH;M8;TUERC MARIPOSA MACH;mecanica;TUERC MARIP MACH;unidad;COMUN;M8;;ACERO COMUN;;1;-6;;
M10-TUERC MARIPOSA HEMBRA;M10;TUERC MARIPOSA HEMBRA;mecanica;TUERC MARIP HEMBRA;unidad;COMUN;M10;;ACERO COMUN;;1;-4;;
M10 X 1,5-TUERCA;M10 X 1,5;TUERCA;mecanica;TUERCA;unidad;COMUN;M10 X 1,5;;ACERO COMUN;;1;102;;
M14-TUERCA;M14;TUERCA;mecanica;TUERCA;unidad;COMUN;M14;;ACERO COMUN;;1;0;;
M17-TUERCA;M17;TUERCA;mecanica;TUERCA;unidad;COMUN;M17;;ACERO COMUN;;1;0;;
M26-TUERCA;M26;TUERCA;mecanica;TUERCA;unidad;COMUN;M26;;ACERO COMUN;;1;0;;
M12-TUERCA;M12;TUERCA;mecanica;TUERCA;unidad;COMUN;M12;;ACERO COMUN;;1;0;;
M8-TUERCA;M8;TUERCA;mecanica;TUERCA;unidad;COMUN;M8;;ACERO COMUN;;1;154;;
m16-TUERCA;m16;TUERCA;mecanica;TUERCA;unidad;COMUN;m16;;ACERO COMUN;;1;48;;
M5-TUERCA;M5;TUERCA;mecanica;TUERCA;unidad;COMUN;M5;;ACERO COMUN;;1;115;;
M6-TUERCA;M6;TUERCA;mecanica;TUERCA;unidad;COMUN;M6;;ACERO COMUN;;1;259;;
M6X20-BULONES ;M6X20;BULONES ;mecanica;BULONES;unidad;COMUN;M6X20;VER QUE CABEZA ES ;ACERO COMUN;;1;0;;
M8X40-BULONES ;M8X40;BULONES ;mecanica;BULONES;unidad;COMUN;M8X40;;ACERO COMUN;;1;0;;
M10X20 -BULONES ;M10X20 ;BULONES ;mecanica;BULONES;unidad;COMUN;M10X20;;ACERO COMUN;;1;1;;
M20-BULONES ;M20;BULONES ;mecanica;BULONES;unidad;COMUN;M20;;ACERO COMUN;;1;6;;
M12X40-BULONES ;M12X40;BULONES ;mecanica;BULONES;unidad;COMUN;M12X40;;ACERO COMUN;;1;0;;
M12X45-BULONES ;M12X45;BULONES ;mecanica;BULONES;unidad;COMUN;M12X45;;ACERO COMUN;;1;0;;
M16-BULONES ;M16;BULONES ;mecanica;BULONES;unidad;COMUN;M16;;ACERO COMUN;;1;52;;
M8X16-BULONES ;M8X16;BULONES ;mecanica;BULONES;unidad;COMUN;M8X16;;ACERO COMUN;;1;0;;
M9-BULONES ;M9;BULONES ;mecanica;BULONES;unidad;COMUN;M9;;ACERO COMUN;;1;16;;
M8X110-BULONES ;M8X110;BULONES ;mecanica;BULONES;unidad;COMUN;M8X110;;ACERO COMUN;;1;7;;
M8X50-BULONES ;M8X50;BULONES ;mecanica;BULONES;unidad;COMUN;M8X50;;ACERO COMUN;;1;67;;
M12X27-BULONES ;M12X27;BULONES ;mecanica;BULONES;unidad;COMUN;M12X27;;ACERO COMUN;;1;0;;
M12x25-BULONES ;M12x25;BULONES ;mecanica;BULONES;unidad;COMUN;M12x25;;ACERO COMUN;;1;35;;
M8X100-BULONES ;M8X100;BULONES ;mecanica;BULONES;unidad;COMUN;M8X100;;ACERO COMUN;;1;24;;
M12X50-BULONES HEXG;M12X50;BULONES HEXG;mecanica;BULONES HEXG;unidad;COMUN;M12X50;;ACERO COMUN;;1;10;;
M12X45-BULONES ;M12X45;BULONES ;mecanica;HEXAGONAL;unidad;COMUN;M12X45;;ACERO COMUN;;1;0;;
M8X55-BULONES ;M8X55;BULONES ;mecanica;BULONES HEXAG;unidad;COMUN;M8X55;;ACERO COMUN;;1;121;;
M16X90-BULONES ;M16X90;BULONES ;mecanica;BULONES HEX;unidad;COMUN;M16X90;;ACERO COMUN;;1;22;;
M16X62-BULONES HEXAG;M16X62;BULONES HEXAG;mecanica;BULONES HEXG;unidad;COMUN;M16X120;;ACERO COMUN;;1;0;;
M10X120-BULONES HEXAG;M10X120;BULONES HEXAG;mecanica;BULONES HEXAG;unidad;COMUN;M10X120;;ACERO COMUN;;1;0;;
M10X140-BULONES ;M10X140;BULONES ;mecanica;BULONES;unidad;COMUN;M10X140;;ACERO COMUN;;1;26;;
M16X62-BULONES ;M16X62;BULONES ;mecanica;BULONES;unidad;COMUN;M16X62;;ACERO COMUN;;1;0;;
m 5x25-BULONES HEXG;m 5x25;BULONES HEXG;mecanica;BULONES HEXAG;unidad;COMUN;m5x25;;ACERO COMUN;;1;0;;
M8X15-BULONES HEXAG;M8X15;BULONES HEXAG;mecanica;BULONES HEXAG;unidad;COMUN;M8X15;;ACERO COMUN;;1;0;;
M8X 1,25 X20-BULONES HEXAG;M8X 1,25 X20;BULONES HEXAG;mecanica;BULONES HEXAG;unidad;COMUN;8X1,25X20;;ACERO COMUN;USD 0,08;1;196;;
M10 X 35-BULONES ;M10 X 35;BULONES ;mecanica;BULONES;unidad;COMUN;10X35;;ACERO COMUN;;1;0;;
M10X45-BULON EXAGONAL;M10X45;BULON EXAGONAL;mecanica;BULON EXAG;unidad;COMUN;10X1,5X45;paso completo;ACERO COMUN;USD 0,26;1;148;;
M10X45-BULON EXAGONAL;M10X45;BULON EXAGONAL;mecanica;BULON EXAG;unidad;COMUN;10X1,5X45;paso 30mm y 10mm liso;ACERO COMUN;;1;185;;
M10X50-BULON EXAGONAL;M10X50;BULON EXAGONAL;mecanica;BULON EXAG;unidad;COMUN;10X50;;ACERO COMUN;;1;0;;
M10X25-BULON EXAGONAL;M10X25;BULON EXAGONAL;mecanica;BULON EXAG;unidad;COMUN;M10X25;;ACERO COMUN;;1;28;;
M10X15-BULON EXAGONAL;M10X15;BULON EXAGONAL;mecanica;BULON EXAG;unidad;COMUN;M10X15;;ACERO COMUN;;1;0;-12;
M10X30-BULON EXAGONAL;M10X30;BULON EXAGONAL;mecanica;BULON EXAG;unidad;COMUN;10X30;;ACERO COMUN;;1;199;;
M4X10-BULON EXAGONAL;M4X10;BULON EXAGONAL;mecanica;BULON EXAG;unidad;COMUN;4X10;;ACERO COMUN;;1;0;-16;
M4X20-BULON EXAGONAL;M4X20;BULON EXAGONAL;mecanica;BULON EXAG;unidad;COMUN;4X20;;ACERO COMUN;;1;0;-12;
M8-REMACHE ;M8;REMACHE ;mecanica;REMACHE;unidad;COMUN;M8;;ACERO COMUN;;1;417;;
M12-ALLEN;M12;ALLEN;mecanica;ALLEN;unidad;COMUN;M12;;ACERO COMUN;;1;16;;
M8X35-ALLEN;M8X35;ALLEN;mecanica;ALLEN;unidad;COMUN;M8X35;;ACERO COMUN;;1;138;;
M10-ALLEN;M10;ALLEN;mecanica;ALLEN;unidad;COMUN;M10;;ACERO COMUN;;1;40;;
M16X60-ALLEN;M16X60;ALLEN;mecanica;ALLEN;unidad;COMUN;M16X60;;ACERO COMUN;;1;0;;
M50-ALLEN;M50;ALLEN;mecanica;ALLEN;unidad;COMUN;M50;;ACERO COMUN;;1;32;;
M6-ALLEN;M6;ALLEN;mecanica;ALLEN;unidad;COMUN;M6;;ACERO COMUN;;1;79;;
M5-ALLEN;M5;ALLEN;mecanica;ALLEN;unidad;COMUN;M5;;ACERO COMUN;;1;580;;
M5X10-ALLEN;M5X10;ALLEN;mecanica;ALLEN;unidad;COMUN;M5X10;;ACERO COMUN;;;0;-16;
M5X16-ALLEN;M5X16;ALLEN;mecanica;ALLEN;unidad;COMUN;M5X16;;ACERO COMUN;;1;0;;
M5X25-ALLEN;M5X25;ALLEN;mecanica;ALLEN;unidad;COMUN;M5X25;;ACERO COMUN;;1;0;;
M5X20-ALLEN;M5X20;ALLEN;mecanica;ALLEN;unidad;COMUN;M5X20;;ACERO COMUN;;;0;;
8MM-TENSORES GALVAN;8MM;TENSORES GALVAN;mecanica;TENSORES GALV;unidad;COMUN;8MM;;ACERO COMUN;;1;-7;hay una caja;
#żNOMBRE?;;MECHAS;;;;;;;MECHAS;;;;;MECHAS
1-MECHA ;1;MECHA ;mecanica;herramental de corte;unidad;ACERO RAPIDO;1;;MECHAS;;OFICINA;3;;
1,25-MECHA ;1,25;MECHA ;mecanica;herramental de corte;unidad;ACERO RAPIDO;1,25;;MECHAS;;OFICINA;5;;
1,5-MECHA ;1,5;MECHA ;mecanica;herramental de corte;unidad;ACERO RAPIDO;1,5;;MECHAS;;OFICINA;2;;
1,75-MECHA ;1,75;MECHA ;mecanica;herramental de corte;unidad;ACERO RAPIDO;1,75;;MECHAS;;OFICINA;1;;
2-MECHA ;2;MECHA ;mecanica;herramental de corte;unidad;ACERO RAPIDO;2;;MECHAS;;OFICINA;4;;
2,25-MECHA ;2,25;MECHA ;mecanica;herramental de corte;unidad;ACERO RAPIDO;2,25;;MECHAS;;OFICINA;0;;
2,5-MECHA ;2,5;MECHA ;mecanica;herramental de corte;unidad;ACERO RAPIDO;2,5;;MECHAS;;OFICINA;2;;
2,75-MECHA ;2,75;MECHA ;mecanica;herramental de corte;unidad;ACERO RAPIDO;2,75;;MECHAS;;OFICINA;0;;
3-MECHA ;3;MECHA ;mecanica;herramental de corte;unidad;ACERO RAPIDO;3;;MECHAS;;OFICINA;0;;
3,25-MECHA ;3,25;MECHA ;mecanica;herramental de corte;unidad;ACERO RAPIDO;3,25;;MECHAS;;OFICINA;0;;
3,5-MECHA ;3,5;MECHA ;mecanica;herramental de corte;unidad;ACERO RAPIDO;3,5;;MECHAS;;OFICINA;1;;
3,75-MECHA ;3,75;MECHA ;mecanica;herramental de corte;unidad;ACERO RAPIDO;3,75;;MECHAS;;OFICINA;0;;
4-MECHA ;4;MECHA ;mecanica;herramental de corte;unidad;ACERO RAPIDO;4;;MECHAS;;OFICINA;12;;
4,25-MECHA ;4,25;MECHA ;mecanica;herramental de corte;unidad;ACERO RAPIDO;4,25;;MECHAS;;OFICINA;4;;
4,5-MECHA ;4,5;MECHA ;mecanica;herramental de corte;unidad;ACERO RAPIDO;4,5;;MECHAS;;OFICINA;5;;
4,75-MECHA ;4,75;MECHA ;mecanica;herramental de corte;unidad;ACERO RAPIDO;4,75;;MECHAS;;OFICINA;0;;
5-MECHA ;5;MECHA ;mecanica;herramental de corte;unidad;ACERO RAPIDO;5;;MECHAS;;OFICINA;0;;
5,25-MECHA ;5,25;MECHA ;mecanica;herramental de corte;unidad;ACERO RAPIDO;5,25;;MECHAS;;OFICINA;0;;
5,5-MECHA ;5,5;MECHA ;mecanica;herramental de corte;unidad;ACERO RAPIDO;5,5;;MECHAS;;OFICINA;0;;
5,75-MECHA ;5,75;MECHA ;mecanica;herramental de corte;unidad;ACERO RAPIDO;5,75;;MECHAS;;OFICINA;0;;
6-MECHA ;6;MECHA ;mecanica;herramental de corte;unidad;ACERO RAPIDO;6;;MECHAS;;OFICINA;4;;
6,25-MECHA ;6,25;MECHA ;mecanica;herramental de corte;unidad;ACERO RAPIDO;6,25;;MECHAS;;OFICINA;2;;
6,5-MECHA ;6,5;MECHA ;mecanica;herramental de corte;unidad;ACERO RAPIDO;6,5;;MECHAS;;OFICINA;2;;
6,75-MECHA ;6,75;MECHA ;mecanica;herramental de corte;unidad;ACERO RAPIDO;6,75;;MECHAS;;OFICINA;4;;
7-MECHA ;7;MECHA ;mecanica;herramental de corte;unidad;ACERO RAPIDO;7;;MECHAS;;OFICINA;0;;
7,25-MECHA ;7,25;MECHA ;mecanica;herramental de corte;unidad;ACERO RAPIDO;7,25;;MECHAS;;OFICINA;0;;
7,5-MECHA ;7,5;MECHA ;mecanica;herramental de corte;unidad;ACERO RAPIDO;7,5;;MECHAS;;OFICINA;0;;
7,75-MECHA ;7,75;MECHA ;mecanica;herramental de corte;unidad;ACERO RAPIDO;7,75;;MECHAS;;OFICINA;1;;
8-MECHA ;8;MECHA ;mecanica;herramental de corte;unidad;ACERO RAPIDO;8;;MECHAS;;OFICINA;6;;
8,25-MECHA ;8,25;MECHA ;mecanica;herramental de corte;unidad;ACERO RAPIDO;8,25;;MECHAS;;OFICINA;0;;
8,5-MECHA ;8,5;MECHA ;mecanica;herramental de corte;unidad;ACERO RAPIDO;8,5;;MECHAS;;OFICINA;1;;
8,75-MECHA ;8,75;MECHA ;mecanica;herramental de corte;unidad;ACERO RAPIDO;8,75;;MECHAS;;OFICINA;1;;
9-MECHA ;9;MECHA ;mecanica;herramental de corte;unidad;ACERO RAPIDO;9;;MECHAS;;OFICINA;1;;
9,25-MECHA ;9,25;MECHA ;mecanica;herramental de corte;unidad;ACERO RAPIDO;9,25;;MECHAS;;OFICINA;0;;
9,5-MECHA ;9,5;MECHA ;mecanica;herramental de corte;unidad;ACERO RAPIDO;9,5;;MECHAS;;OFICINA;0;;
9,75-MECHA ;9,75;MECHA ;mecanica;herramental de corte;unidad;ACERO RAPIDO;9,75;;MECHAS;;OFICINA;0;;
10-MECHA ;10;MECHA ;mecanica;herramental de corte;unidad;ACERO RAPIDO;10;;MECHAS;;OFICINA;3;;
10,25-MECHA ;10,25;MECHA ;mecanica;herramental de corte;unidad;ACERO RAPIDO;10,25;;MECHAS;;OFICINA;2;;
10,5-MECHA ;10,5;MECHA ;mecanica;herramental de corte;unidad;ACERO RAPIDO;10,5;;MECHAS;;OFICINA;0;;
10,75-MECHA ;10,75;MECHA ;mecanica;herramental de corte;unidad;ACERO RAPIDO;10,75;;MECHAS;;OFICINA;0;;
11-MECHA ;11;MECHA ;mecanica;herramental de corte;unidad;ACERO RAPIDO;11;;MECHAS;;OFICINA;0;;
11,25-MECHA ;11,25;MECHA ;mecanica;herramental de corte;unidad;ACERO RAPIDO;11,25;;MECHAS;;OFICINA;0;;
11,5-MECHA ;11,5;MECHA ;mecanica;herramental de corte;unidad;ACERO RAPIDO;11,5;;MECHAS;;OFICINA;0;;
11,75-MECHA ;11,75;MECHA ;mecanica;herramental de corte;unidad;ACERO RAPIDO;11,75;;MECHAS;;OFICINA;0;;
12-MECHA ;12;MECHA ;mecanica;herramental de corte;unidad;ACERO RAPIDO;12;;MECHAS;;OFICINA;1;;
12,25-MECHA ;12,25;MECHA ;mecanica;herramental de corte;unidad;ACERO RAPIDO;12,25;;MECHAS;;OFICINA;0;;
12,5-MECHA ;12,5;MECHA ;mecanica;herramental de corte;unidad;ACERO RAPIDO;12,5;;MECHAS;;OFICINA;0;;
12,75-MECHA ;12,75;MECHA ;mecanica;herramental de corte;unidad;ACERO RAPIDO;12,75;;MECHAS;;OFICINA;2;;
3,15-MECHA CENTRO;3,15;MECHA CENTRO;mecanica;herramental de corte;unidad;ACERO RAPIDO;3,15;;MECHAS;;OFICINA;2;;
5-MECHA CENTRO;5;MECHA CENTRO;mecanica;herramental de corte;unidad;ACERO RAPIDO;5;;MECHAS;;OFICINA;1;;
M3-MECHA MACHO P ROSCAR;M3;MECHA MACHO P ROSCAR;mecanica;herramental de corte;unidad;ACERO RAPIDO;M3;;MECHAS;;OFICINA;1;;
M6-MECHA MACHO P ROSCAR;M6;MECHA MACHO P ROSCAR;mecanica;herramental de corte;unidad;ACERO RAPIDO;M6;;MECHAS;;OFICINA;1;;
M8-MECHA MACHO P ROSCAR;M8;MECHA MACHO P ROSCAR;mecanica;herramental de corte;unidad;ACERO RAPIDO;M8;;MECHAS;;OFICINA;1;;
M10-MECHA MACHO P ROSCAR;M10;MECHA MACHO P ROSCAR;mecanica;herramental de corte;unidad;ACERO RAPIDO;M10;;MECHAS;;OFICINA;4;;
M12-MECHA MACHO P ROSCAR;M12;MECHA MACHO P ROSCAR;mecanica;herramental de corte;unidad;ACERO RAPIDO;M12;;MECHAS;;OFICINA;1;;
M8-MACHOS DE ROSCAR (RECTOS);M8;MACHOS DE ROSCAR (RECTOS);mecanica;herramental de corte;unidad;ACERO RAPIDO;M8;;MECHAS;;OFICINA;3;;
M10-MACHOS DE ROSCAR (RECTOS);M10;MACHOS DE ROSCAR (RECTOS);mecanica;herramental de corte;unidad;ACERO RAPIDO;M10;;MECHAS;;OFICINA;3;;
M12-MACHOS DE ROSCAR (RECTOS);M12;MACHOS DE ROSCAR (RECTOS);mecanica;herramental de corte;unidad;ACERO RAPIDO;M12;;MECHAS;;OFICINA;2;;
M3-MACHOS;M3;MACHOS;mecanica;herramental de corte;unidad;ACERO RAPIDO;M3;;MECHAS;;OFICINA;2;;
M4-MACHOS;M4;MACHOS;mecanica;herramental de corte;unidad;ACERO RAPIDO;M4;;MECHAS;;OFICINA;1;;
M5-MACHOS;M5;MACHOS;mecanica;herramental de corte;unidad;ACERO RAPIDO;M5;;MECHAS;;OFICINA;3;;
M6-MACHOS;M6;MACHOS;mecanica;herramental de corte;unidad;ACERO RAPIDO;M6;;MECHAS;;OFICINA;3;;
4-FRESA;4;FRESA;mecanica;herramental de corte;unidad;ACERO RAPIDO;4;;MECHAS;;OFICINA;2;;
5-FRESA;5;FRESA;mecanica;herramental de corte;unidad;ACERO RAPIDO;5;;MECHAS;;OFICINA;1;;
6-FRESA;6;FRESA;mecanica;herramental de corte;unidad;ACERO RAPIDO;6;;MECHAS;;OFICINA;1;;
8-FRESA;8;FRESA;mecanica;herramental de corte;unidad;ACERO RAPIDO;8;;MECHAS;;OFICINA;0;;
10-FRESA;10;FRESA;mecanica;herramental de corte;unidad;ACERO RAPIDO;10;;MECHAS;;OFICINA;3;;
12-FRESA;12;FRESA;mecanica;herramental de corte;unidad;ACERO RAPIDO;12;;MECHAS;;OFICINA;1;;
#żNOMBRE?;;FRESA;mecanica;herramental de corte;unidad;ACERO RAPIDO;;;MECHAS;;OFICINA;;;
#żNOMBRE?;;FRESA;mecanica;herramental de corte;unidad;ACERO RAPIDO;;;MECHAS;;OFICINA;;;
#żNOMBRE?;;FRESA;mecanica;herramental de corte;unidad;ACERO RAPIDO;;;MECHAS;;OFICINA;;;
#żNOMBRE?;;INOXIDABLE;;;;;;;INOXIDABLE;;;;;INOXIDABLE
M12X45-BUL HEX INOX;M12X45;BUL HEX INOX;MEcanica;BULON INOX;UNIDAD;INOXIDABLE;M12X45;;INOXIDABLE;;;5;;
M12X30-BUL HEX INOX;M12X30;BUL HEX INOX;mecanica;BULON INOX;unidad;INOXIDABLE;M12X30;;INOXIDABLE;;1;26;;
M12X60-BUL HEX INOX;M12X60;BUL HEX INOX;mecanica;BULON INOX;unidad;INOXIDABLE;M12X60;;INOXIDABLE;;;21;;
M10 X30-BUL HEX INOX;M10 X30;BUL HEX INOX;mecanica;BULON INOX;unidad;INOXIDABLE;10X30;;INOXIDABLE;;;13;;
M10X35-BUL HEX INOX;M10X35;BUL HEX INOX;mecanica;BULON INOX;unidad;INOXIDABLE;10X35;;INOXIDABLE;;;5;;
M16X45-BUL HEX INOX;M16X45;BUL HEX INOX;mecanica;BULON INOX;unidad;INOXIDABLE;M16X45;;INOXIDABLE;;1;10;;
M40X16-BUL HEX INOX;M40X16;BUL HEX INOX;mecanica;BULON INOX;unidad;INOXIDABLE;M40X16;;INOXIDABLE;;1;24;;
M8X20-BUL HEX INOX;M8X20;BUL HEX INOX;mecanica;BULON INOX;unidad;INOXIDABLE;M8X20;;INOXIDABLE;;1;-14;;
M8X30-BUL HEX INOX;M8X30;BUL HEX INOX;mecanica;BULON INOX;unidad;INOXIDABLE;M8X30;;INOXIDABLE;;1;31;;
M8X50-BUL HEX INOX;M8X50;BUL HEX INOX;mecanica;BULON INOX;unidad;INOXIDABLE;M8X50;;INOXIDABLE;;1;15;;
"M8X1""-BUL HEX INOX";"M8X1""";BUL HEX INOX;mecanica;HEXAGONAL;unidad;INOXIDABLE;"8X1""";;INOXIDABLE;;1;-4;;
M10x70-BUL HEX INOX;M10x70;BUL HEX INOX;mecanica;BULON INOX;unidad;INOXIDABLE;M10x70;;INOXIDABLE;;1;-1;;
M10X40-BUL HEX INOX;M10X40;BUL HEX INOX;mecanica;HEXAGONAL;unidad;INOXIDABLE;M10X40;;INOXIDABLE;;;8;;
M10X45-BUL HEX INOX;M10X45;BUL HEX INOX;mecanica;HEXAGONAL;unidad;INOXIDABLE;M10X45;;INOXIDABLE;;;9;;
M10X20 -BUL HEX INOX;M10X20 ;BUL HEX INOX;mecanica;BULON INOX;unidad;INOXIDABLE;M10X20;;INOXIDABLE;;;22;;
M10X15-BUL HEX INOX;M10X15;BUL HEX INOX;mecanica;BULON INOX;unidad;INOXIDABLE;M10X15;;INOXIDABLE;;;4;;
M10x25-BUL HEX INOX;M10x25;BUL HEX INOX;mecanica;BULON INOX;unidad;INOXIDABLE;M10x25;;INOXIDABLE;;1;13;;
M14X40-BUL HEX INOX;M14X40;BUL HEX INOX;mecanica;BULON INOX;unidad;INOXIDABLE;M14X40;;INOXIDABLE;;;21;;
M16X15-BUL HEX INOX;M16X15;BUL HEX INOX;mecanica;BULON INOX;unidad;INOXIDABLE;M16X15;;INOXIDABLE;2,33;1;27;;
M14-TUERCA INOX;M14;TUERCA INOX;mecanica;TUERCA INOX;unidad;INOXIDABLE;M14;;INOXIDABLE;;1;0;;
M16-TUERCA INOX;M16;TUERCA INOX;mecanica;TUERCA INOX;unidad;INOXIDABLE;M16;;INOXIDABLE;;1;0;;
M12-TUERCA INOX;M12;TUERCA INOX;mecanica;TUERCA INOX;unidad;INOXIDABLE;M12;;INOXIDABLE;;1;154;;
M14-TUERCA INOX;M14;TUERCA INOX;mecanica;TUERCA INOX;unidad;INOXIDABLE;M14;;INOXIDABLE;;1;0;;
M8-TUERCA INOX;M8;TUERCA INOX;mecanica;TUERCA INOX;unidad;INOXIDABLE;M8;;INOXIDABLE;;1;69;;
M6-TUERCA INOX;M6;TUERCA INOX;mecanica;TUERCA INOX;unidad;INOXIDABLE;M6;;INOXIDABLE;;1;241;;
M10-TUERCA INOX AUT;M10;TUERCA INOX AUT;mecanica;TUERCA INOX AUT;unidad;INOXIDABLE;M10;;INOXIDABLE;;1;256;;
M12-TUERCA INOX AUT;M12;TUERCA INOX AUT;mecanica;TUERCA INOX AUT;unidad;INOXIDABLE;M12;;INOXIDABLE;;1;92;;
M8-TUERCA INOX AUT;M8;TUERCA INOX AUT;mecanica;TUERCA INOX AUT;unidad;INOXIDABLE;M8;;INOXIDABLE;;1;102;;
M24-ARANDELA INOX;M24;ARANDELA INOX;mecanica;ARANDELA INOX;unidad;INOXIDABLE;M24;;INOXIDABLE;;1;33;;
M17-ARANDELA INOX;M17;ARANDELA INOX;mecanica;ARANDELA INOX;unidad;INOXIDABLE;M17;;INOXIDABLE;;1;28;;
M15-ARANDELA INOX;M15;ARANDELA INOX;mecanica;ARANDELA INOX;unidad;INOXIDABLE;M15;;INOXIDABLE;;1;9;;
M8-ARANDELA INOX;M8;ARANDELA INOX;mecanica;ARANDELA INOX;unidad;INOXIDABLE;M8;;INOXIDABLE;;1;0;;
M14-ARANDELA INOX;M14;ARANDELA INOX;mecanica;ARANDELA INOX;unidad;INOXIDABLE;M14;;INOXIDABLE;0,44;1;335;;
M10-ARANDELA INOX;M10;ARANDELA INOX;mecanica;ARANDELA INOX;unidad;INOXIDABLE;M10;;INOXIDABLE;0,05;1;45;;
M6-ARANDELA INOX;M6;ARANDELA INOX;mecanica;ARANDELA INOX;unidad;INOXIDABLE;M6;;INOXIDABLE;;1;0;;
M3-ARANDELA INOX;M3;ARANDELA INOX;mecanica;ARANDELA INOX;unidad;INOXIDABLE;M3;;INOXIDABLE;;1;0;;
M8X50-ALLEN INOX;M8X50;ALLEN INOX;mecanica;ALLEN INOX;unidad;INOXIDABLE;M8X50;;INOXIDABLE;;1;40;;
M10 X 35-ALLEN INOX;M10 X 35;ALLEN INOX;mecanica;ALLEN INOX;unidad;INOXIDABLE;M10X35;;INOXIDABLE;;1;100;;
M10X20 -ALLEN INOX;M10X20 ;ALLEN INOX;mecanica;ALLEN INOX;unidad;INOXIDABLE;M10X20;;INOXIDABLE;;1;0;;
M6X15-ALLEN INOX;M6X15;ALLEN INOX;mecanica;ALLEN INOX;unidad;INOXIDABLE;M6X15;;INOXIDABLE;;1;158;;
10X30-ALLEN INOX ;10X30;ALLEN INOX ;mecanica;ALLEN INOX;unidad;INOXIDABLE;10X30;;INOXIDABLE;;1;236;;
10X25-ALLEN INOX;10X25;ALLEN INOX;mecanica;ALLEN INOX;unidad;INOXIDABLE;10X25;;INOXIDABLE;;1;32;;
10X15-ALLEN INOX;10X15;ALLEN INOX;mecanica;ALLEN INOX;unidad;INOXIDABLE;10X15;;INOXIDABLE;;;0;;
"M8X1""-ALLEN INOX";"M8X1""";ALLEN INOX;mecanica;ALLEN INOX;unidad;INOXIDABLE;"8X1""";;INOXIDABLE;;1;0;;
M8X40-ALLEN INOX;M8X40;ALLEN INOX;mecanica;ALLEN INOX;unidad;INOXIDABLE;M8X40;;INOXIDABLE;;1;232;;
M8X41-ALLEN INOX;M8X41;ALLEN INOX;mecanica;ALLEN INOX;unidad;INOXIDABLE;M8X41;;INOXIDABLE;;;0;;
M6X30-ALLEN INOX;M6X30;ALLEN INOX;mecanica;ALLEN INOX;unidad;INOXIDABLE;6X30;;INOXIDABLE;;1;48;;
M6 X20-ALLEN INOX;M6 X20;ALLEN INOX;mecanica;ALLEN INOX;unidad;INOXIDABLE;M6X20;;INOXIDABLE;;1;39;;
M6 X15-ALLEN INOX;M6 X15;ALLEN INOX;mecanica;ALLEN INOX;unidad;INOXIDABLE;M6X15;;INOXIDABLE;0,11;1;158;;
M12X25-ALLEN INOX;M12X25;ALLEN INOX;mecanica;ALLEN INOX;unidad;INOXIDABLE;M12X25;;INOXIDABLE;;1;202;;
M12X30-ALLEN INOX;M12X30;ALLEN INOX;mecanica;ALLEN INOX;unidad;INOXIDABLE;M12X30;;INOXIDABLE;;;14;;
M16X30-ALLEN INOX;M16X30;ALLEN INOX;mecanica;ALLEN INOX;unidad;INOXIDABLE;M16X30;;INOXIDABLE;;1;0;;
M8X25-ALLEN INOX;M8X25;ALLEN INOX;mecanica;ALLEN INOX;unidad;INOXIDABLE;M8X25;;INOXIDABLE;0,41;1;212;;
M8X30-ALLEN INOX;M8X30;ALLEN INOX;mecanica;ALLEN INOX;unidad;INOXIDABLE;M8X30;;INOXIDABLE;0,25;1;292;;
M8X35-ALLEN INOX;M8X35;ALLEN INOX;mecanica;ALLEN INOX;unidad;INOXIDABLE;M8X35;;INOXIDABLE;0,29;1;240;;
M8X16-ALLEN INOX;M8X16;ALLEN INOX;mecanica;ALLEN INOX;unidad;INOXIDABLE;M8X15;;INOXIDABLE;18;1;216;;
M5X40-ALLEN INOX;M5X40;ALLEN INOX;mecanica;ALLEN INOX;unidad;INOXIDABLE;5X40;;INOXIDABLE;0,12;;;;
M4X10-ALLEN INOX;M4X10;ALLEN INOX;mecanica;ALLEN INOX;unidad;INOXIDABLE;4X10;;INOXIDABLE;0,07;;0;;
M10X45-ALLEN INOX;M10X45;ALLEN INOX;mecanica;ALLEN INOX;unidad;INOXIDABLE;10X45;;INOXIDABLE;;;/;;
M5X10-ALLEN INOX;M5X10;ALLEN INOX;mecanica;ALLEN INOX;unidad;INOXIDABLE;5X10;;INOXIDABLE;0,05;;0;;
M10 X30-CABEZA FREZADA;M10 X30;CABEZA FREZADA;mecanica;BABEZA FREZADA;unidad;INOXIDABLE;M10X30;;INOXIDABLE;;1;/;;
M6X6-CABEZA FREZADA;M6X6;CABEZA FREZADA;mecanica;CABEZA FREZADA;unidad;INOXIDABLE;M6X6;;INOXIDABLE;;1;13;;
M10X20 -CABEZ FREZADA;M10X20 ;CABEZ FREZADA;mecanica;CABEZ FRESADA;unidad;INOXIDABLE;M10X20;;INOXIDABLE;;1;-22;;
M10X40-ALLEN INOX;M10X40;ALLEN INOX;mecanica;ALLEN INOX;unidad;INOXIDABLE;M10X40;;INOXIDABLE;0,46;1;77;;
M10X65X1,5-BROCA HORMIGON;M10X65X1,5;BROCA HORMIGON;mecanica;BROCA HORMIGON;unidad;COMUN;M10X1,5;;INOXIDABLE;;1;394;;
60X16-PATAS ;60X16;PATAS ;mecanica;PATAS;unidad;COMUN;60X16;;INOXIDABLE;;1;11;;
10MM-AUTOPERFORANTES ;10MM;AUTOPERFORANTES ;;AUTOPERFORANTES;;;10MM;;INOXIDABLE;;1;-15;;
#żNOMBRE?;;TAPAS CAJ RULEMAN;mecanica;TAPAS CAJA RULEM;unidad;COMUN;;;INOXIDABLE;;1;58;;
#żNOMBRE?;;CADENAS;mecanica;CADENAS;unidad;COMUN;;;INOXIDABLE;;1;2;;
#żNOMBRE?;;CERRADURA METAL;mecanica;CERRADURA METAL;unidad;COMUN;;;INOXIDABLE;;1;17;;
#żNOMBRE?;;HIDROLACA;mecanica;HIDROLACA;unidad;COMUN;;;INOXIDABLE;;1;5;;
5X5-GUSANILLO;5X5;GUSANILLO;mecanica;GUSANILLO;unidad;COMUN;M5X5;;INOXIDABLE;;1;83;;
608-RODAMIENTO;608;RODAMIENTO;mecanica;RODAMIENTO;unidad;COMUN;608;;INOXIDABLE;;1;16;;
6303-RODAMIENTO;6303;RODAMIENTO;mecanica;RODAMIENTO;unidad;COMUN;6303;;INOXIDABLE;;1;12;;
-;;;;;;;;;0;;;;;
#żNOMBRE?;;ELECTRONICA ;;;;;;;ELECTRONICA ;;;;;ELECTRONICA 
-BORNE bph 2,5 p/c2,5mm;;BORNE bph 2,5 p/c2,5mm;electronica ;BORNE;unidad;ELECTRONICA ;;;ELECTRONICA ;;1;41;;
-BORNE bpn-2,5 rojo;;BORNE bpn-2,5 rojo;electronica ;BORNE;unidad;ELECTRONICA ;;;ELECTRONICA ;;1;24;;
#żNOMBRE?;;EXTREMO -BORNE p/riel ;electronica ;;unidad;ELECTRONICA ;;;ELECTRONICA ;;1;50;;
#żNOMBRE?;;prensacable nylon;electronica ;;unidad;ELECTRONICA ;;;ELECTRONICA ;;1;10;;
#żNOMBRE?;;CINTA TEFLON;electronica ;CINTA  TEFLON;;ELECTRONICA ;;;ELECTRONICA ;;1;-1;;
-CABLE red 3x2,5;;CABLE red 3x2,5;electronica ;;unidad;ELECTRONICA ;;;ELECTRONICA ;;1;50CM;;
#żNOMBRE?;;CABLE CANAL;electronica ;60X60;unidad;ELECTRONICA ;;;ELECTRONICA ;5,73 C/U;1;10 MTR;;
-;;;;;;;;;0;;;;;
-;;;;;;;;;0;;;;;
#żNOMBRE?;;MENINO;;;;;;;MENINO;;;;;MENINO
#żNOMBRE?;;M54-WR;;P913;unidad;;;;MENINO;;1;1;;
-195040;;195040;;P413;unidad;;;;MENINO;;1;2;;
-175096;;175096;;R113;unidad;;;;MENINO;;1;2;;
0;;BT602;;;unidad;;;;MENINO;;1;4;;
#żNOMBRE?;;RETEN;;RETEN;unidad;;;;MENINO;;1;6;;
#żNOMBRE?;;BISAGRA;;BISAGRA;unidad;;;;MENINO;;1;6;;
--;;-;;VAMET;unidad;M4;;;MENINO;;1;1;;
-MS 4-WP;;MS 4-WP;;M54-WP;unidad;;;;MENINO;;1;1;;
#żNOMBRE?;;VENTOSA;;VENTOSA;unidad;;;;MENINO;;1;1;;
-DMS 42E;;DMS 42E;;DMS42E;unidad;;;;MENINO;;1;6;;
0;;KG5;;KG5;unidad;N 140;;;MENINO;;1;1;;
#żNOMBRE?;;LSP-1;;LSP-1;unidad;4D;;;MENINO;;1;1;;
#żNOMBRE?;;ADN-50;;ADN-50;unidad;10 BAR;;;MENINO;;1;3;;
#żNOMBRE?;;ADN-40;;ADN-40;unidad;10 BAR;;;MENINO;;1;4;;
#żNOMBRE?;;ADN-63;;ADN-63;unidad;1O BAR;;;MENINO;;1;2;;
-ADN-50ADN-40;;ADN-50ADN-40;;ADN-50ADN-40;unidad;10 BAR;;;MENINO;;1;1;;
#żNOMBRE?;;ADN-63;;ADN-63;unidad;10 BAR;;;MENINO;;1;1;;
#żNOMBRE?;;ADN-50;;ADN-50;unidad;10BAR;;;MENINO;;1;4;;
-ADN 40;;ADN 40;;ADN 40;unidad;10 BAR;;;MENINO;;1;1;;
#żNOMBRE?;;DSNU-40;;DSNU-40;unidad;;;;MENINO;;1;1;;
#żNOMBRE?;;DSBC-32;;DSBC-32;unidad;;;;MENINO;;1;2;;
#żNOMBRE?;;DSNU-50;;DSNU-50;unidad;;;;MENINO;;1;1;;
#żNOMBRE?;;MV4101SRG;;MV4101SRG;unidad;;;;MENINO;;1;1;;
-PUN-6X4;;PUN-6X4;;PUN-6X4;unidad;;;;MENINO;;1;2;;
0;;KG5;;KG5;unidad;N140/6;;;MENINO;;1;1;;
#żNOMBRE?;;DSNU-32;;DSNU-32;unidad;;;;MENINO;;1;1;;
#żNOMBRE?;;PSL-3/8-10;;PSL-3/8-10;unidad;;;;MENINO;;1;1;;
#żNOMBRE?;;PSU;;;unidad;601;;;MENINO;;1;6;;
#żNOMBRE?;;M54-NB;;;unidad;;;;MENINO;;1;2;;
#żNOMBRE?;;B-1/4;;;unidad;;;;MENINO;;1;4-jun;;
#żNOMBRE?;;B-3/8;;;unidad;;;;MENINO;;1;2;;
-2H13BJA;;2H13BJA;;;unidad;;;;MENINO;;1;1;;
-HDC HE 10;;HDC HE 10;;;unidad;;;;MENINO;;1;4;;
#żNOMBRE?;;HDC10BTSBU;;;unidad;;;;MENINO;;1;5;;
#ˇDIV/0!;;150/T516949;;;unidad;;;;MENINO;;1;4;;
#żNOMBRE?;;T-160-V3-BLK;;;unidad;;;;MENINO;;1;1;;
#żNOMBRE?;;DAP-E5-Q12-32;;;unidad;;;;MENINO;;1;1;;
#żNOMBRE?;;KG S.N140;;;unidad;;;;MENINO;;1;1;;
#żNOMBRE?;;DSBC-40;;;unidad;;;;MENINO;;1;1;;
-53910D REDUCTOR;;53910D REDUCTOR;;;unidad;;;;MENINO;;1;3;;
#żNOMBRE?;;PIŃONES ;;;unidad;17 DIENTES;;;MENINO;;1;2;;
#żNOMBRE?;;PIŃONES ;;;unidad;14 DIENTES;;;MENINO;;1;1;;
#żNOMBRE?;;CINTA ALUMINIO;;;unidad;10 MTRS;;;MENINO;;1;2;;
-345PO22002M;;345PO22002M;;;unidad;150X 12MM;;;MENINO;;1;2;;
0;;PLF060;;;unidad;;;;MENINO;;1;1;;
#żNOMBRE?;;MOTOR PASO A PASO;;;unidad;;;;MENINO;;1;3;;
0;;SQD63400;;;unidad;;;;MENINO;;1;4;;
0;;SQD63200;;;unidad;;;;MENINO;;1;1;;
#żNOMBRE?;;MS4-LFR;;;unidad;;;;MENINO;;1;2;;
#żNOMBRE?;;GHW;;;unidad;25CC;;;MENINO;;1;29;;
#żNOMBRE?;;SC520LW;;;unidad;1PC;;;MENINO;;1;9;;
0;;SHF25;;;unidad;2PCS;;;MENINO;;1;10;;
0;;SHF20;;;unidad;2PCS;;;MENINO;;1;4;;
#żNOMBRE?;;LMK;;;unidad;25 UU;;;MENINO;;1;2;;
-CY-111A;;CY-111A;;;unidad;;;;MENINO;;1;9;;
#żNOMBRE?;;X-B899351;FUENTE;;unidad;;;;MENINO;;1;1;;
-VUVS-;;VUVS-;;;unidad;M52;;;MENINO;;1;14;;
0;;S76410;;;unidad;M258;;;MENINO;;1;8;;
#żNOMBRE?;;SCS25S/UU;;;unidad;PPC;;;MENINO;;1;9-mar;;
#żNOMBRE?;;KMF-1;;;unidad;24DC;;;MENINO;;1;23;;
#żNOMBRE?;;SME;;;unidad;8M;;;MENINO;;1;8;;
-82000090;;82000090;;;unidad;R23MO-5;;;MENINO;;1;3;;
#żNOMBRE?;;INC;;;unidad;M129R;;;MENINO;;1;3;;
-82300545;;82300545;;;unidad;7BM8MO;;;MENINO;;1;1;;
-82300484;;82300484;;;unidad;7BM3MO-Z;;;MENINO;;1;4;;
-565;;565;;;unidad;M12X1,25;;;MENINO;;1;2;;
-565;;565;;;unidad;M16X1,5;;;MENINO;;1;35;;
-6843;;6843;;;unidad;509L;;;MENINO;;1;4;;
#żNOMBRE?;;TSN;;;unidad;;;;MENINO;;1;4;;
#żNOMBRE?;;SNCB;;;unidad;;;;MENINO;;1;4;;
#żNOMBRE?;;SNCB-50;;;unidad;;;;MENINO;;1;4;;
#żNOMBRE?;;SNCL;;;unidad;;;;MENINO;;1;4;;
#żNOMBRE?;;HNC-32;;;unidad;;;;MENINO;;1;8;;
#żNOMBRE?;;M59-WB;;;unidad;;;;MENINO;;1;3;;
SCS20-RODAMIENTO ;SCS20;RODAMIENTO ;;;unidad;SCS 20 ;;;MENINO;;1;0;;
SHF20-PIEZA ALUMINIO;SHF20;PIEZA ALUMINIO;;;unidad;SHF20;;;MENINO;;1;0;;
#żNOMBRE?;;PISTON NEUMATICO;;;unidad;PISTON NEUATIO;;;MENINO;;1;0;;
SCS25LUU-RODAMIENTO ;SCS25LUU;RODAMIENTO ;;;unidad;;;;MENINO;;1;0;;
6003 RS-RODAMIENTO ;6003 RS;RODAMIENTO ;;;unidad;;;;MENINO;;1;2;;
6003 2RS-RODAMIENTO ;6003 2RS;RODAMIENTO ;;;unidad;;;;MENINO;;1;3;;
SHF25-SOPAPA;SHF25;SOPAPA;;;unidad;;;;MENINO;;1;-4;;
#żNOMBRE?;;ROTULA M10;mecanica;;unidad;COMUN;;;MENINO;;1;0;;
#żNOMBRE?;;ROTULA M12;mecanica;;unidad;COMUN;;;MENINO;;1;0;;
#żNOMBRE?;;ROTULA M6;mecanica;;unidad;COMUN;;;MENINO;;1;4;;
#żNOMBRE?;;GUSANILLO M6;mecanica;;unidad;COMUN;;;MENINO;;1;9;;
#żNOMBRE?;;GUSANILLO M8;mecanica;;unidad;COMUN;;;MENINO;;1;9;;
#żNOMBRE?;;FESTO;;;;;;;MENINO;;1;;;
-Drivers CMMT-A5-C4-3A-MP-S1;;Drivers CMMT-A5-C4-3A-MP-S1;;;unidad;;;;MENINO;;1;10;;
-Drivers CMMT-A5-C7-11A-MP51;;Drivers CMMT-A5-C7-11A-MP51;;;unidad;;;;MENINO;;1;2;;
#żNOMBRE?;;CABLES PREARMADAS NBC--dg84-es-0,3-ns-dg4-et;;;unidad;;;;MENINO;;1;6;;
#żNOMBRE?;;CABLES PREARMADAS NBC--dg84-es-0,3-ns-dg4-et;NEBL-M8G4-E-0,3-N-M8G4;;unidad;;;;MENINO;;1;6;;
#żNOMBRE?;;CABLES PREARMADO NEBC-D8G4-es-10-n-s-d864-et;;;unidad;;;;MENINO;;1;4;;
#żNOMBRE?;;COX-E-CEC-M1-PN;;;unidad;;;;MENINO;;1;2;;
-CPX-E-16DI;;CPX-E-16DI;;;unidad;;;;MENINO;;1;2;;
-CPX-E-8DO;;CPX-E-8DO;;;unidad;;;;MENINO;;1;2;;
-CPX-AP-I-8DI-M12-5P;;CPX-AP-I-8DI-M12-5P;;;unidad;;;;MENINO;;1;6;;
-CPX-AP-I-4DI4DO-M12-5P;;CPX-AP-I-4DI4DO-M12-5P;;;unidad;;;;MENINO;;1;4;;
#żNOMBRE?;;CPX-AP-I-EC-M12;;;unidad;;;;MENINO;;1;2;;
-CABLEWS PREARMADOS NEBC-D12G4-ES-5-5-R3G4-ET;;CABLEWS PREARMADOS NEBC-D12G4-ES-5-5-R3G4-ET;;;unidad;;;;MENINO;;1;2;;
-2CABLES NEBM-M23G15-EH-10-Q0N-R3LEG14;;2CABLES NEBM-M23G15-EH-10-Q0N-R3LEG14;;;unidad;;;;MENINO;;1;2;;
-moto reductor festo de 73734;;moto reductor festo de 73734;;;unidad;;;;MENINO;;1;2;;
#żNOMBRE?;;servo motor festo emmb-as-80-07-s30s;;;unidad;;;;MENINO;;1;2;;
#żNOMBRE?;;servo motor festo emmb-as-60-04-s30s;;;unidad;;;;MENINO;;1;2;;
#żNOMBRE?;;BARRA RECTFICADA;;;260X25;HIERRO SAE 1045;;;MENINO;;;-4;;
#żNOMBRE?;;BARRA RECTFICADA;;;230X20;HIERRO SAE 1045;;;MENINO;;;-4;;
#żNOMBRE?;;ALUMINIO;;;115X55X15;;;;MENINO;;;4;;
-;;;;;;;;;0;;;;;
#żNOMBRE?;;PINTURAS;;;;;;;PINTURAS;;;;;PINTURAS
#żNOMBRE?;;PINTURA POLIURT ;;;4 LITROS ;;;;PINTURAS;;1;4;;
-BLANC 4 LIT + COMP ;;BLANC 4 LIT + COMP ;;;;;;;PINTURAS;;;;;
-;;;;;;;;;0;;;;;
#żNOMBRE?;;VARIOS;;;;;;;VARIOS;;;;;VARIOS
#żNOMBRE?;;PEGATINAS P/ PRECINT;mecanica;PEGATINAS  P/PRES;unidad;COMUN;;;VARIOS;;1;-44;;
#żNOMBRE?;;PRECINTOS;mecanica;PRECINTOS;unidad;COMUN;;;VARIOS;;1;-200;;
#żNOMBRE?;;VARILLA DE APORTE ALUMINIO;mecanica;;;ALUMINIO;;;VARIOS;;;-4;;
#żNOMBRE?;;TUNGSTENO;mecanica;;;;;;VARIOS;;OFICINA;20;;
TWO-IN-ONE -PULIDORA ;TWO-IN-ONE ;PULIDORA ;mecanica;PULIDORA ;unidad;TWO-IN-ONE ;150X25X32MM;;VARIOS;;1;1;;
RUEDA FLAP TELA -PULIDORA ;RUEDA FLAP TELA ;PULIDORA ;mecanica;PULIDORA ;unidad;RUEDA FLAP TELA ;110X 100 M14;;VARIOS;;1;1;;
COMBIN 1NT 1T-PULIDORA ;COMBIN 1NT 1T;PULIDORA ;mecanica;PULIDORA ;unidad;COMBIN 1NT 1T;110X50X45 MM;;VARIOS;;1;1;;
#żNOMBRE?;;PAŃO PULIR;mecanica;PAŃO;unidad;FINO;;;VARIOS;;1;13;;
#żNOMBRE?;;PAŃO PULIR;mecanica;PAŃO;unidad;GRUESO;;;VARIOS;;1;8;;
T80-TELA ESMERIL;T80;TELA ESMERIL;;;;;;;VARIOS;;;;;
T90-TELA ESMERIL;T90;TELA ESMERIL;;;;;;;VARIOS;;;;;
T100-TELA ESMERIL;T100;TELA ESMERIL;;;;;;;VARIOS;;;;;
T120-TELA ESMERIL;T120;TELA ESMERIL;;;;;;;VARIOS;;;;;
T140-TELA ESMERIL;T140;TELA ESMERIL;;;;;;;VARIOS;;;;;
#żNOMBRE?;;DISCOS DE CORTE;;;;;;;DISCOS DE CORTE;;;;;DISCOS DE CORTE
NK-NC 60-FLAP;NK-NC 60;FLAP;mecanica;FLAP;unidad;MANTA ABRASIVA ;GRANO 60;;DISCOS DE CORTE;;1;256;;
NK-NC80-FLAP;NK-NC80;FLAP;mecanica;FLAP;unidad;MANTA ABRASIVA ;GRANO 80;;DISCOS DE CORTE;;1;25;;
80/RPM MAX-FLAP;80/RPM MAX;FLAP;mecanica;FLAP;unidad;MANTA ABRASIVA ;GRANO 100;;DISCOS DE CORTE;;1;4;;
#żNOMBRE?;;DISCO DESVASTE;mecanica;DISCO DESVASTE;unidad;DESVASTE;115X6X22;;DISCOS DE CORTE;;1;131;;
115X1,6X22,2-DISCO CORTE;115X1,6X22,2;DISCO CORTE;mecanica;DISCO CORTE;unidad;DISCO CORTE ;115X1,6X22,2;;DISCOS DE CORTE;;1;435;;
#żNOMBRE?;;DISCO PULIR;mecanica;DISCO PULIR;unidad;PULIR;100X100;;DISCOS DE CORTE;;1;1;;
#żNOMBRE?;;RODILLO PARA LIJADO INOX ;mecanica;RODILLO LIJADO;unidad;COMBIN 1NT 1T;;;DISCOS DE CORTE;;1;1;;
